{"cameraMode":{"drawMode":0,"name":"Shaded","section":"Shading Mode"},"sceneLighting":true,"audioPlay":false,"sceneViewState":{"showFog":true,"showMaterialUpdate":false,"showSkybox":true,"showFlares":true,"showImageEffects":true,"showParticleSystems":true},"in2DMode":false,"pivot":{"x":0.5637509822845459,"y":0.04133403301239014,"z":-1.476540207862854},"rotation":{"x":0.09130097180604935,"y":0.5660565495491028,"z":-0.0632689893245697,"w":0.8168483376502991},"size":4.6568074226379398,"orthographic":false}